Time,V_p
2000-09-17 21:00:08,681.0
2000-09-17 21:00:38,669.0
2000-09-17 21:01:08,671.0
2000-09-17 21:01:38,660.0
2000-09-17 21:02:12,673.0
2000-09-17 21:02:42,677.0
2000-09-17 21:03:12,681.0
2000-09-17 21:03:42,703.0
2000-09-17 21:04:12,689.0
2000-09-17 21:04:42,701.0
2000-09-17 21:05:12,701.0
2000-09-17 21:05:42,705.0
2000-09-17 21:06:12,703.0
2000-09-17 21:06:42,698.0
2000-09-17 21:07:12,696.0
2000-09-17 21:07:42,685.0
2000-09-17 21:08:12,686.0
2000-09-17 21:08:42,687.0
2000-09-17 21:09:11,685.0
2000-09-17 21:09:41,690.0
2000-09-17 21:10:13,689.0
2000-09-17 21:10:43,695.0
2000-09-17 21:11:13,695.0
2000-09-17 21:11:43,690.0
2000-09-17 21:12:13,668.0
2000-09-17 21:12:43,699.0
2000-09-17 21:13:13,695.0
2000-09-17 21:13:45,675.0
2000-09-17 21:14:15,653.0
2000-09-17 21:14:45,656.0
2000-09-17 21:15:15,668.0
2000-09-17 21:15:45,640.0
2000-09-17 21:16:15,666.0
2000-09-17 21:16:45,680.0
2000-09-17 21:17:15,696.0
2000-09-17 21:17:46,684.0
2000-09-17 21:18:16,692.0
2000-09-17 21:18:46,689.0
2000-09-17 21:19:16,694.0
2000-09-17 21:19:46,707.0
2000-09-17 21:20:16,705.0
2000-09-17 21:20:46,685.0
2000-09-17 21:21:18,680.0
2000-09-17 21:21:48,674.0
2000-09-17 21:22:18,670.0
2000-09-17 21:22:48,676.0
2000-09-17 21:23:18,689.0
2000-09-17 21:23:48,708.0
2000-09-17 21:24:18,722.0
2000-09-17 21:24:48,696.0
2000-09-17 21:25:20,716.0
2000-09-17 21:25:50,701.0
2000-09-17 21:26:20,709.0
2000-09-17 21:26:50,712.0
2000-09-17 21:27:20,701.0
2000-09-17 21:27:50,688.0
2000-09-17 21:28:20,677.0
2000-09-17 21:28:50,652.0
2000-09-17 21:29:22,666.0
2000-09-17 21:29:52,665.0
2000-09-17 21:30:21,664.0
2000-09-17 21:30:51,660.0
2000-09-17 21:31:21,663.0
2000-09-17 21:31:51,662.0
2000-09-17 21:32:21,660.0
2000-09-17 21:32:51,662.0
2000-09-17 21:33:25,659.0
2000-09-17 21:33:55,663.0
2000-09-17 21:34:25,662.0
2000-09-17 21:34:55,664.0
2000-09-17 21:35:25,701.0
2000-09-17 21:35:55,684.0
2000-09-17 21:36:25,709.0
2000-09-17 21:36:55,714.0
2000-09-17 21:37:25,694.0
2000-09-17 21:37:55,679.0
2000-09-17 21:38:25,676.0
2000-09-17 21:38:55,686.0
2000-09-17 21:39:25,696.0
2000-09-17 21:39:55,714.0
2000-09-17 21:40:25,700.0
2000-09-17 21:40:55,679.0
2000-09-17 21:41:27,675.0
2000-09-17 21:41:57,722.0
2000-09-17 21:42:27,722.0
2000-09-17 21:42:57,709.0
2000-09-17 21:43:26,706.0
2000-09-17 21:43:56,720.0
2000-09-17 21:44:28,721.0
2000-09-17 21:44:58,713.0
2000-09-17 21:45:28,725.0
2000-09-17 21:45:58,728.0
2000-09-17 21:46:28,748.0
2000-09-17 21:46:58,729.0
2000-09-17 21:47:28,725.0
2000-09-17 21:47:58,740.0
2000-09-17 21:48:30,716.0
2000-09-17 21:49:00,728.0
2000-09-17 21:49:30,717.0
2000-09-17 21:50:00,720.0
2000-09-17 21:50:30,747.0
2000-09-17 21:51:00,722.0
2000-09-17 21:51:30,714.0
2000-09-17 21:52:00,710.0
2000-09-17 21:52:32,704.0
2000-09-17 21:53:02,736.0
2000-09-17 21:53:32,730.0
2000-09-17 21:54:02,726.0
2000-09-17 21:54:32,729.0
2000-09-17 21:55:02,728.0
2000-09-17 21:55:32,732.0
2000-09-17 21:56:03,729.0
2000-09-17 21:56:33,726.0
2000-09-17 21:57:03,726.0
2000-09-17 21:57:33,749.0
2000-09-17 21:58:03,758.0
2000-09-17 21:58:33,754.0
2000-09-17 21:59:03,775.0
2000-09-17 21:59:33,747.0
2000-09-17 22:00:05,754.0
2000-09-17 22:00:35,748.0
2000-09-17 22:01:05,761.0
2000-09-17 22:01:35,775.0
2000-09-17 22:02:05,789.0
2000-09-17 22:02:35,811.0
2000-09-17 22:03:05,811.0
2000-09-17 22:03:35,809.0
2000-09-17 22:04:09,814.0
2000-09-17 22:04:39,798.0
2000-09-17 22:05:09,809.0
2000-09-17 22:05:39,772.0
2000-09-17 22:06:09,808.0
2000-09-17 22:06:39,824.0
2000-09-17 22:07:09,853.0
2000-09-17 22:07:39,806.0
2000-09-17 22:08:09,801.0
2000-09-17 22:08:39,785.0
2000-09-17 22:09:09,780.0
2000-09-17 22:09:39,767.0
2000-09-17 22:10:09,771.0
2000-09-17 22:10:39,829.0
2000-09-17 22:11:09,791.0
2000-09-17 22:11:40,828.0
2000-09-17 22:12:10,789.0
2000-09-17 22:12:40,786.0
2000-09-17 22:13:10,766.0
2000-09-17 22:13:40,766.0
2000-09-17 22:14:10,765.0
2000-09-17 22:14:40,776.0
2000-09-17 22:15:10,772.0
2000-09-17 22:15:42,747.0
2000-09-17 22:16:12,767.0
2000-09-17 22:16:42,743.0
2000-09-17 22:17:12,739.0
2000-09-17 22:17:42,727.0
2000-09-17 22:18:12,727.0
2000-09-17 22:18:42,718.0
2000-09-17 22:19:12,718.0
2000-09-17 22:19:43,715.0
2000-09-17 22:20:13,715.0
2000-09-17 22:20:43,715.0
2000-09-17 22:21:13,722.0
2000-09-17 22:21:43,722.0
2000-09-17 22:22:13,718.0
2000-09-17 22:22:43,731.0
2000-09-17 22:23:13,727.0
2000-09-17 22:23:45,722.0
2000-09-17 22:24:15,720.0
2000-09-17 22:24:45,722.0
2000-09-17 22:25:15,717.0
2000-09-17 22:25:45,709.0
2000-09-17 22:26:15,717.0
2000-09-17 22:26:45,720.0
2000-09-17 22:27:17,717.0
2000-09-17 22:27:47,725.0
2000-09-17 22:28:17,725.0
2000-09-17 22:28:47,723.0
2000-09-17 22:29:17,722.0
2000-09-17 22:29:47,724.0
2000-09-17 22:30:17,722.0
2000-09-17 22:30:47,724.0
2000-09-17 22:31:19,731.0
2000-09-17 22:31:49,729.0
2000-09-17 22:32:19,741.0
2000-09-17 22:32:48,738.0
2000-09-17 22:33:18,733.0
2000-09-17 22:33:48,747.0
2000-09-17 22:34:18,742.0
2000-09-17 22:34:48,749.0
2000-09-17 22:35:52,763.0
2000-09-17 22:36:52,815.0
2000-09-17 22:37:22,800.0
2000-09-17 22:37:52,847.0
2000-09-17 22:38:22,875.0
2000-09-17 22:38:52,942.0
2000-09-17 22:39:22,894.0
2000-09-17 22:39:52,844.0
2000-09-17 22:40:22,832.0
2000-09-17 22:40:52,834.0
2000-09-17 22:41:22,828.0
2000-09-17 22:41:52,811.0
2000-09-17 22:42:22,810.0
2000-09-17 22:42:52,808.0
2000-09-17 22:43:24,811.0
2000-09-17 22:43:54,814.0
2000-09-17 22:44:24,842.0
2000-09-17 22:44:54,810.0
2000-09-17 22:45:23,820.0
2000-09-17 22:45:53,806.0
2000-09-17 22:46:25,801.0
2000-09-17 22:46:55,815.0
2000-09-17 22:47:25,817.0
2000-09-17 22:47:55,830.0
2000-09-17 22:48:25,828.0
2000-09-17 22:48:55,809.0
2000-09-17 22:49:25,841.0
2000-09-17 22:49:55,822.0
2000-09-17 22:50:27,823.0
2000-09-17 22:50:57,812.0
2000-09-17 22:51:27,812.0
2000-09-17 22:51:57,826.0
2000-09-17 22:52:27,822.0
2000-09-17 22:52:57,842.0
2000-09-17 22:53:27,879.0
2000-09-17 22:53:57,823.0
2000-09-17 22:54:29,824.0
2000-09-17 22:54:59,810.0
2000-09-17 22:55:29,849.0
2000-09-17 22:55:59,855.0
2000-09-17 22:56:29,873.0
2000-09-17 22:56:59,853.0
2000-09-17 22:57:29,811.0
2000-09-17 22:57:59,809.0
2000-09-17 22:58:30,792.0
2000-09-17 22:59:00,791.0
2000-09-17 22:59:30,820.0
2000-09-17 23:00:00,789.0
2000-09-17 23:00:30,786.0
2000-09-17 23:01:00,776.0
2000-09-17 23:01:30,759.0
2000-09-17 23:02:00,749.0
2000-09-17 23:02:32,764.0
2000-09-17 23:03:02,780.0
2000-09-17 23:03:32,756.0
2000-09-17 23:04:02,781.0
2000-09-17 23:04:32,775.0
2000-09-17 23:05:02,785.0
2000-09-17 23:05:32,811.0
2000-09-17 23:06:06,859.0
2000-09-17 23:06:36,822.0
2000-09-17 23:07:06,839.0
2000-09-17 23:07:36,789.0
2000-09-17 23:08:06,778.0
2000-09-17 23:08:36,776.0
2000-09-17 23:09:06,755.0
2000-09-17 23:09:36,782.0
2000-09-17 23:10:06,788.0
2000-09-17 23:10:36,792.0
2000-09-17 23:11:06,818.0
2000-09-17 23:11:36,798.0
2000-09-17 23:12:06,816.0
2000-09-17 23:12:36,786.0
2000-09-17 23:13:06,805.0
2000-09-17 23:13:36,812.0
2000-09-17 23:14:06,787.0
2000-09-17 23:14:37,778.0
2000-09-17 23:15:07,769.0
2000-09-17 23:15:37,768.0
2000-09-17 23:16:07,769.0
2000-09-17 23:16:37,766.0
2000-09-17 23:17:07,769.0
2000-09-17 23:17:39,771.0
2000-09-17 23:18:09,766.0
2000-09-17 23:18:39,758.0
2000-09-17 23:19:09,767.0
2000-09-17 23:19:39,769.0
2000-09-17 23:20:09,754.0
2000-09-17 23:20:39,748.0
2000-09-17 23:21:09,768.0
2000-09-17 23:21:41,763.0
2000-09-17 23:22:11,768.0
2000-09-17 23:22:40,768.0
2000-09-17 23:23:10,762.0
2000-09-17 23:23:40,768.0
2000-09-17 23:24:10,767.0
2000-09-17 23:24:40,771.0
2000-09-17 23:25:10,771.0
2000-09-17 23:25:42,766.0
2000-09-17 23:26:12,763.0
2000-09-17 23:26:42,737.0
2000-09-17 23:27:12,745.0
2000-09-17 23:27:42,754.0
2000-09-17 23:28:12,767.0
2000-09-17 23:28:42,765.0
2000-09-17 23:29:14,808.0
2000-09-17 23:29:44,765.0
2000-09-17 23:30:14,789.0
2000-09-17 23:30:44,772.0
2000-09-17 23:31:14,771.0
2000-09-17 23:31:44,774.0
2000-09-17 23:32:14,775.0
2000-09-17 23:32:44,761.0
2000-09-17 23:33:16,740.0
2000-09-17 23:33:46,734.0
2000-09-17 23:34:16,719.0
2000-09-17 23:34:46,742.0
2000-09-17 23:35:16,731.0
2000-09-17 23:35:45,742.0
2000-09-17 23:36:15,750.0
2000-09-17 23:36:49,741.0
2000-09-17 23:37:19,756.0
2000-09-17 23:37:49,731.0
2000-09-17 23:38:19,741.0
2000-09-17 23:38:49,756.0
2000-09-17 23:39:19,798.0
2000-09-17 23:39:49,773.0
2000-09-17 23:40:19,780.0
2000-09-17 23:40:49,832.0
2000-09-17 23:41:19,788.0
2000-09-17 23:41:49,806.0
2000-09-17 23:42:19,786.0
2000-09-17 23:42:49,820.0
2000-09-17 23:43:19,818.0
2000-09-17 23:43:49,786.0
2000-09-17 23:44:19,846.0
2000-09-17 23:44:49,857.0
2000-09-17 23:45:21,831.0
2000-09-17 23:45:51,790.0
2000-09-17 23:46:21,787.0
2000-09-17 23:46:51,784.0
2000-09-17 23:47:21,801.0
2000-09-17 23:47:51,836.0
2000-09-17 23:48:21,772.0
2000-09-17 23:48:52,778.0
2000-09-17 23:49:22,773.0
2000-09-17 23:49:52,789.0
2000-09-17 23:50:22,827.0
2000-09-17 23:50:52,804.0
2000-09-17 23:51:22,787.0
2000-09-17 23:51:52,790.0
2000-09-17 23:52:24,782.0
2000-09-17 23:52:54,784.0
2000-09-17 23:53:24,779.0
2000-09-17 23:53:54,778.0
2000-09-17 23:54:24,778.0
2000-09-17 23:54:54,780.0
2000-09-17 23:55:24,780.0
2000-09-17 23:55:54,785.0
2000-09-17 23:56:26,788.0
2000-09-17 23:56:56,785.0
2000-09-17 23:57:26,785.0
2000-09-17 23:57:56,787.0
2000-09-17 23:58:26,796.0
2000-09-17 23:58:56,784.0
2000-09-17 23:59:26,814.0
2000-09-17 23:59:56,791.0
2000-09-18 00:00:27,784.0
2000-09-18 00:00:57,798.0
2000-09-18 00:01:27,851.0
2000-09-18 00:01:57,853.0
2000-09-18 00:02:27,870.0
2000-09-18 00:02:57,880.0
2000-09-18 00:03:27,882.0
2000-09-18 00:03:57,818.0
2000-09-18 00:04:29,909.0
2000-09-18 00:04:59,906.0
2000-09-18 00:05:29,802.0
2000-09-18 00:05:59,890.0
2000-09-18 00:06:29,906.0
2000-09-18 00:06:59,870.0
2000-09-18 00:07:29,868.0
2000-09-18 00:08:03,913.0
2000-09-18 00:08:33,944.0
2000-09-18 00:09:03,959.0
2000-09-18 00:09:33,950.0
2000-09-18 00:10:03,926.0
2000-09-18 00:10:33,954.0
2000-09-18 00:11:03,973.0
2000-09-18 00:11:33,910.0
2000-09-18 00:12:03,884.0
2000-09-18 00:12:33,885.0
2000-09-18 00:13:03,819.0
2000-09-18 00:13:33,858.0
2000-09-18 00:14:03,852.0
2000-09-18 00:14:33,852.0
2000-09-18 00:15:03,820.0
2000-09-18 00:15:33,810.0
2000-09-18 00:16:03,849.0
2000-09-18 00:16:34,830.0
2000-09-18 00:17:04,862.0
2000-09-18 00:17:34,841.0
2000-09-18 00:18:04,809.0
2000-09-18 00:18:34,858.0
2000-09-18 00:19:04,909.0
2000-09-18 00:19:34,970.0
2000-09-18 00:20:06,864.0
2000-09-18 00:20:36,886.0
2000-09-18 00:21:06,907.0
2000-09-18 00:21:36,868.0
2000-09-18 00:22:06,868.0
2000-09-18 00:22:36,875.0
2000-09-18 00:23:06,880.0
2000-09-18 00:23:38,865.0
2000-09-18 00:24:08,856.0
2000-09-18 00:24:38,898.0
2000-09-18 00:25:08,920.0
2000-09-18 00:25:38,898.0
2000-09-18 00:26:07,889.0
2000-09-18 00:26:37,868.0
2000-09-18 00:27:07,868.0
2000-09-18 00:27:39,907.0
2000-09-18 00:28:09,870.0
2000-09-18 00:28:39,855.0
2000-09-18 00:29:09,887.0
2000-09-18 00:29:39,879.0
2000-09-18 00:30:09,852.0
2000-09-18 00:30:39,872.0
2000-09-18 00:31:11,833.0
2000-09-18 00:31:41,831.0
2000-09-18 00:32:11,818.0
2000-09-18 00:32:41,804.0
2000-09-18 00:33:11,792.0
2000-09-18 00:33:41,792.0
2000-09-18 00:34:11,818.0
2000-09-18 00:34:41,804.0
2000-09-18 00:35:13,792.0
2000-09-18 00:35:43,804.0
2000-09-18 00:36:13,792.0
2000-09-18 00:36:43,818.0
2000-09-18 00:37:13,792.0
2000-09-18 00:37:43,791.0
2000-09-18 00:38:13,818.0
2000-09-18 00:38:47,803.0
2000-09-18 00:39:16,802.0
2000-09-18 00:39:46,788.0
2000-09-18 00:40:16,791.0
2000-09-18 00:40:46,792.0
2000-09-18 00:41:16,782.0
2000-09-18 00:41:46,791.0
2000-09-18 00:42:16,791.0
2000-09-18 00:42:46,841.0
2000-09-18 00:43:16,852.0
2000-09-18 00:43:46,854.0
2000-09-18 00:44:16,861.0
2000-09-18 00:44:46,833.0
2000-09-18 00:45:16,865.0
2000-09-18 00:45:46,845.0
2000-09-18 00:46:16,832.0
2000-09-18 00:46:46,820.0
2000-09-18 00:47:18,856.0
2000-09-18 00:47:48,846.0
2000-09-18 00:48:18,835.0
2000-09-18 00:48:48,846.0
2000-09-18 00:49:18,806.0
2000-09-18 00:49:48,851.0
2000-09-18 00:50:18,846.0
2000-09-18 00:50:49,845.0
2000-09-18 00:51:19,834.0
2000-09-18 00:51:49,820.0
2000-09-18 00:52:19,835.0
2000-09-18 00:52:49,835.0
2000-09-18 00:53:19,821.0
2000-09-18 00:53:49,820.0
2000-09-18 00:54:19,807.0
2000-09-18 00:54:51,805.0
2000-09-18 00:55:21,820.0
2000-09-18 00:55:51,796.0
2000-09-18 00:56:21,803.0
2000-09-18 00:56:51,791.0
2000-09-18 00:57:21,791.0
2000-09-18 00:57:51,791.0
2000-09-18 00:58:23,791.0
2000-09-18 00:58:53,785.0
2000-09-18 00:59:23,785.0
2000-09-18 00:59:53,790.0
2000-09-18 01:00:23,790.0
2000-09-18 01:00:53,803.0
2000-09-18 01:01:23,792.0
2000-09-18 01:01:53,797.0
2000-09-18 01:02:25,819.0
2000-09-18 01:02:54,798.0
2000-09-18 01:03:24,795.0
2000-09-18 01:03:54,792.0
2000-09-18 01:04:24,786.0
2000-09-18 01:04:54,792.0
2000-09-18 01:05:24,786.0
2000-09-18 01:05:54,792.0
2000-09-18 01:06:26,781.0
2000-09-18 01:06:56,779.0
2000-09-18 01:07:26,777.0
2000-09-18 01:07:56,777.0
2000-09-18 01:08:26,784.0
2000-09-18 01:08:56,787.0
2000-09-18 01:09:26,788.0
2000-09-18 01:09:56,832.0
2000-09-18 01:10:30,781.0
2000-09-18 01:11:00,796.0
2000-09-18 01:11:30,790.0
2000-09-18 01:12:00,785.0
2000-09-18 01:12:30,789.0
2000-09-18 01:13:00,794.0
2000-09-18 01:13:30,789.0
2000-09-18 01:14:00,780.0
2000-09-18 01:14:30,780.0
2000-09-18 01:15:00,784.0
2000-09-18 01:15:30,812.0
2000-09-18 01:16:00,791.0
2000-09-18 01:16:30,800.0
2000-09-18 01:17:00,803.0
2000-09-18 01:17:30,801.0
2000-09-18 01:18:00,774.0
2000-09-18 01:18:31,783.0
2000-09-18 01:19:01,817.0
2000-09-18 01:19:31,781.0
2000-09-18 01:20:01,778.0
2000-09-18 01:20:31,780.0
2000-09-18 01:21:01,780.0
2000-09-18 01:21:31,774.0
2000-09-18 01:22:03,774.0
2000-09-18 01:22:33,831.0
2000-09-18 01:23:03,792.0
2000-09-18 01:23:33,777.0
2000-09-18 01:24:03,767.0
2000-09-18 01:24:33,750.0
2000-09-18 01:25:03,773.0
2000-09-18 01:25:33,781.0
2000-09-18 01:26:05,781.0
2000-09-18 01:26:35,783.0
2000-09-18 01:27:05,776.0
2000-09-18 01:27:35,784.0
2000-09-18 01:28:05,782.0
2000-09-18 01:28:35,788.0
2000-09-18 01:29:04,782.0
2000-09-18 01:29:36,778.0
2000-09-18 01:30:06,781.0
2000-09-18 01:30:36,780.0
2000-09-18 01:31:06,786.0
2000-09-18 01:31:36,853.0
2000-09-18 01:32:06,853.0
2000-09-18 01:32:36,843.0
2000-09-18 01:33:06,832.0
2000-09-18 01:33:38,826.0
2000-09-18 01:34:08,848.0
2000-09-18 01:34:38,861.0
2000-09-18 01:35:08,783.0
2000-09-18 01:35:38,832.0
2000-09-18 01:36:08,785.0
2000-09-18 01:36:38,790.0
2000-09-18 01:37:10,790.0
2000-09-18 01:37:40,789.0
2000-09-18 01:38:10,794.0
2000-09-18 01:38:40,809.0
2000-09-18 01:39:10,789.0
2000-09-18 01:39:40,811.0
2000-09-18 01:40:10,832.0
2000-09-18 01:40:40,843.0
2000-09-18 01:41:14,825.0
2000-09-18 01:41:44,827.0
2000-09-18 01:42:14,846.0
2000-09-18 01:42:43,841.0
2000-09-18 01:43:13,837.0
2000-09-18 01:43:43,790.0
2000-09-18 01:44:13,811.0
2000-09-18 01:44:43,772.0
2000-09-18 01:45:13,798.0
2000-09-18 01:45:43,727.0
2000-09-18 01:46:13,714.0
2000-09-18 01:46:43,751.0
2000-09-18 01:47:13,788.0
2000-09-18 01:47:43,798.0
2000-09-18 01:48:13,787.0
2000-09-18 01:48:43,792.0
2000-09-18 01:49:13,827.0
2000-09-18 01:49:45,799.0
2000-09-18 01:50:15,826.0
2000-09-18 01:50:45,813.0
2000-09-18 01:51:15,812.0
2000-09-18 01:51:45,802.0
2000-09-18 01:52:15,783.0
2000-09-18 01:52:47,782.0
2000-09-18 01:53:16,790.0
2000-09-18 01:53:46,776.0
2000-09-18 01:54:16,767.0
2000-09-18 01:54:46,776.0
2000-09-18 01:55:16,776.0
2000-09-18 01:55:46,764.0
2000-09-18 01:56:16,773.0
2000-09-18 01:56:48,771.0
2000-09-18 01:57:18,774.0
2000-09-18 01:57:48,771.0
2000-09-18 01:58:18,772.0
2000-09-18 01:58:48,773.0
2000-09-18 01:59:18,775.0
2000-09-18 01:59:48,774.0
2000-09-18 02:00:18,775.0
2000-09-18 02:00:50,774.0
2000-09-18 02:01:20,775.0
2000-09-18 02:01:50,775.0
2000-09-18 02:02:20,774.0
2000-09-18 02:02:50,775.0
2000-09-18 02:03:20,774.0
2000-09-18 02:03:50,773.0
2000-09-18 02:04:20,779.0
2000-09-18 02:04:52,776.0
2000-09-18 02:05:22,783.0
2000-09-18 02:05:52,783.0
2000-09-18 02:06:21,771.0
2000-09-18 02:06:51,777.0
2000-09-18 02:07:21,780.0
2000-09-18 02:07:51,773.0
2000-09-18 02:08:23,776.0
2000-09-18 02:08:53,783.0
2000-09-18 02:09:23,787.0
2000-09-18 02:09:53,781.0
2000-09-18 02:10:23,780.0
2000-09-18 02:10:53,778.0
2000-09-18 02:11:23,786.0
2000-09-18 02:11:53,787.0
2000-09-18 02:12:27,785.0
2000-09-18 02:12:57,776.0
2000-09-18 02:13:27,771.0
2000-09-18 02:13:57,771.0
2000-09-18 02:14:27,766.0
2000-09-18 02:14:57,766.0
2000-09-18 02:15:27,769.0
2000-09-18 02:15:57,729.0
2000-09-18 02:16:27,753.0
2000-09-18 02:16:57,748.0
2000-09-18 02:17:27,758.0
2000-09-18 02:17:57,738.0
2000-09-18 02:18:27,751.0
2000-09-18 02:18:57,758.0
2000-09-18 02:19:27,751.0
2000-09-18 02:19:57,758.0
2000-09-18 02:20:27,757.0
2000-09-18 02:20:58,746.0
2000-09-18 02:21:28,768.0
2000-09-18 02:21:58,736.0
2000-09-18 02:22:28,744.0
2000-09-18 02:22:58,762.0
2000-09-18 02:23:28,763.0
2000-09-18 02:24:00,762.0
2000-09-18 02:24:30,762.0
2000-09-18 02:25:00,772.0
2000-09-18 02:25:30,768.0
2000-09-18 02:26:00,771.0
2000-09-18 02:26:30,772.0
2000-09-18 02:27:00,774.0
2000-09-18 02:27:32,768.0
2000-09-18 02:28:02,714.0
2000-09-18 02:28:32,710.0
2000-09-18 02:29:02,747.0
2000-09-18 02:29:32,758.0
2000-09-18 02:30:02,774.0
2000-09-18 02:30:32,770.0
2000-09-18 02:31:02,763.0
2000-09-18 02:31:33,773.0
2000-09-18 02:32:03,773.0
2000-09-18 02:32:33,774.0
2000-09-18 02:33:03,760.0
2000-09-18 02:33:33,766.0
2000-09-18 02:34:03,753.0
2000-09-18 02:34:33,731.0
2000-09-18 02:35:03,732.0
2000-09-18 02:35:35,708.0
2000-09-18 02:36:05,705.0
2000-09-18 02:36:35,702.0
2000-09-18 02:37:05,710.0
2000-09-18 02:37:35,698.0
2000-09-18 02:38:05,711.0
2000-09-18 02:38:35,714.0
2000-09-18 02:39:07,752.0
2000-09-18 02:39:37,771.0
2000-09-18 02:40:07,777.0
2000-09-18 02:40:37,777.0
2000-09-18 02:41:07,776.0
2000-09-18 02:41:37,743.0
2000-09-18 02:42:07,768.0
2000-09-18 02:42:37,781.0
2000-09-18 02:43:11,772.0
2000-09-18 02:43:41,777.0
2000-09-18 02:44:11,774.0
2000-09-18 02:44:41,778.0
2000-09-18 02:45:11,770.0
2000-09-18 02:45:41,759.0
2000-09-18 02:46:10,756.0
2000-09-18 02:46:40,748.0
2000-09-18 02:47:10,741.0
2000-09-18 02:47:40,751.0
2000-09-18 02:48:10,752.0
2000-09-18 02:48:40,753.0
2000-09-18 02:49:10,743.0
2000-09-18 02:49:40,747.0
2000-09-18 02:50:10,767.0
2000-09-18 02:50:40,756.0
2000-09-18 02:51:10,771.0
2000-09-18 02:51:42,769.0
2000-09-18 02:52:12,772.0
2000-09-18 02:52:42,776.0
2000-09-18 02:53:12,775.0
2000-09-18 02:53:42,774.0
2000-09-18 02:54:12,774.0
2000-09-18 02:54:44,773.0
2000-09-18 02:55:14,774.0
2000-09-18 02:55:44,769.0
2000-09-18 02:56:13,752.0
2000-09-18 02:56:43,769.0
2000-09-18 02:57:13,762.0
2000-09-18 02:57:43,758.0
2000-09-18 02:58:13,752.0
2000-09-18 02:58:45,771.0
2000-09-18 02:59:15,766.0
2000-09-18 02:59:45,766.0
2000-09-18 03:00:15,764.0
2000-09-18 03:00:45,776.0
2000-09-18 03:01:15,769.0
2000-09-18 03:01:45,733.0
2000-09-18 03:02:15,723.0
2000-09-18 03:02:47,762.0
2000-09-18 03:03:17,758.0
2000-09-18 03:03:47,770.0
2000-09-18 03:04:17,758.0
2000-09-18 03:04:47,751.0
2000-09-18 03:05:17,727.0
2000-09-18 03:05:47,721.0
2000-09-18 03:06:17,745.0
2000-09-18 03:06:49,732.0
2000-09-18 03:07:19,713.0
2000-09-18 03:07:49,695.0
2000-09-18 03:08:19,659.0
2000-09-18 03:08:49,670.0
2000-09-18 03:09:19,684.0
2000-09-18 03:09:48,672.0
2000-09-18 03:10:18,722.0
2000-09-18 03:10:50,712.0
2000-09-18 03:11:20,701.0
2000-09-18 03:11:50,688.0
2000-09-18 03:12:20,697.0
2000-09-18 03:12:50,690.0
2000-09-18 03:13:20,700.0
2000-09-18 03:13:50,688.0
2000-09-18 03:14:24,703.0
2000-09-18 03:14:54,698.0
2000-09-18 03:15:24,680.0
2000-09-18 03:15:54,671.0
2000-09-18 03:16:24,681.0
2000-09-18 03:16:54,702.0
2000-09-18 03:17:24,689.0
2000-09-18 03:17:54,693.0
2000-09-18 03:18:24,680.0
2000-09-18 03:18:54,684.0
2000-09-18 03:19:24,703.0
2000-09-18 03:19:54,711.0
2000-09-18 03:20:24,693.0
2000-09-18 03:20:54,675.0
2000-09-18 03:21:24,674.0
2000-09-18 03:21:54,686.0
2000-09-18 03:22:24,771.0
2000-09-18 03:22:55,704.0
2000-09-18 03:23:25,682.0
2000-09-18 03:23:55,736.0
2000-09-18 03:24:25,685.0
2000-09-18 03:24:55,706.0
2000-09-18 03:25:25,759.0
2000-09-18 03:25:57,778.0
2000-09-18 03:26:27,766.0
2000-09-18 03:26:57,775.0
2000-09-18 03:27:27,695.0
2000-09-18 03:27:57,772.0
2000-09-18 03:28:27,772.0
2000-09-18 03:28:57,767.0
2000-09-18 03:29:27,778.0
2000-09-18 03:29:59,771.0
2000-09-18 03:30:29,771.0
2000-09-18 03:30:59,806.0
2000-09-18 03:31:29,841.0
2000-09-18 03:31:59,760.0
2000-09-18 03:32:29,780.0
2000-09-18 03:32:59,776.0
2000-09-18 03:33:30,765.0
2000-09-18 03:34:00,802.0
2000-09-18 03:34:30,909.0
2000-09-18 03:35:00,891.0
2000-09-18 03:35:30,782.0
2000-09-18 03:36:00,767.0
2000-09-18 03:36:30,768.0
2000-09-18 03:37:00,764.0
2000-09-18 03:37:32,766.0
2000-09-18 03:38:02,767.0
2000-09-18 03:38:32,765.0
2000-09-18 03:39:02,804.0
2000-09-18 03:39:32,769.0
2000-09-18 03:40:02,773.0
2000-09-18 03:40:32,766.0
2000-09-18 03:41:02,769.0
2000-09-18 03:41:34,769.0
2000-09-18 03:42:04,769.0
2000-09-18 03:42:34,768.0
2000-09-18 03:43:04,761.0
2000-09-18 03:43:34,762.0
2000-09-18 03:44:04,772.0
2000-09-18 03:44:34,767.0
2000-09-18 03:45:04,742.0
2000-09-18 03:45:38,718.0
2000-09-18 03:46:08,770.0
2000-09-18 03:46:38,764.0
2000-09-18 03:47:08,767.0
2000-09-18 03:47:38,761.0
2000-09-18 03:48:08,748.0
2000-09-18 03:48:38,734.0
2000-09-18 03:49:07,748.0
2000-09-18 03:49:37,729.0
2000-09-18 03:50:07,737.0
2000-09-18 03:50:37,730.0
2000-09-18 03:51:07,726.0
2000-09-18 03:51:37,719.0
2000-09-18 03:52:07,719.0
2000-09-18 03:52:37,726.0
2000-09-18 03:53:07,711.0
2000-09-18 03:53:39,719.0
2000-09-18 03:54:09,714.0
2000-09-18 03:54:39,710.0
2000-09-18 03:55:09,718.0
2000-09-18 03:55:39,717.0
2000-09-18 03:56:09,707.0
2000-09-18 03:56:39,710.0
2000-09-18 03:57:11,709.0
2000-09-18 03:57:41,701.0
2000-09-18 03:58:11,707.0
2000-09-18 03:58:41,702.0
2000-09-18 03:59:11,710.0
2000-09-18 03:59:40,690.0
2000-09-18 04:00:10,680.0
2000-09-18 04:00:40,691.0
2000-09-18 04:01:13,686.0
2000-09-18 04:01:43,686.0
2000-09-18 04:02:13,687.0
2000-09-18 04:02:43,682.0
2000-09-18 04:03:13,682.0
2000-09-18 04:03:43,677.0
2000-09-18 04:04:13,682.0
2000-09-18 04:04:45,687.0
2000-09-18 04:05:15,672.0
2000-09-18 04:05:45,658.0
2000-09-18 04:06:15,648.0
2000-09-18 04:06:45,703.0
2000-09-18 04:07:15,657.0
2000-09-18 04:07:45,648.0
2000-09-18 04:08:15,659.0
2000-09-18 04:08:46,692.0
2000-09-18 04:09:16,688.0
2000-09-18 04:09:46,746.0
2000-09-18 04:10:16,684.0
2000-09-18 04:10:46,719.0
2000-09-18 04:11:16,704.0
2000-09-18 04:11:46,675.0
2000-09-18 04:12:16,711.0
2000-09-18 04:12:48,704.0
2000-09-18 04:13:18,697.0
2000-09-18 04:13:48,715.0
2000-09-18 04:14:18,726.0
2000-09-18 04:14:48,716.0
2000-09-18 04:15:18,711.0
2000-09-18 04:15:48,701.0
2000-09-18 04:16:18,710.0
2000-09-18 04:16:52,708.0
2000-09-18 04:17:22,717.0
2000-09-18 04:17:52,711.0
2000-09-18 04:18:22,733.0
2000-09-18 04:18:52,739.0
2000-09-18 04:19:22,745.0
2000-09-18 04:19:52,738.0
2000-09-18 04:20:22,730.0
2000-09-18 04:20:52,724.0
2000-09-18 04:21:22,755.0
2000-09-18 04:21:52,761.0
2000-09-18 04:22:22,759.0
2000-09-18 04:22:52,762.0
2000-09-18 04:23:22,769.0
2000-09-18 04:23:52,755.0
2000-09-18 04:24:22,750.0
2000-09-18 04:24:53,755.0
2000-09-18 04:25:23,753.0
2000-09-18 04:25:53,758.0
2000-09-18 04:26:23,752.0
2000-09-18 04:26:53,757.0
2000-09-18 04:27:23,761.0
2000-09-18 04:27:53,755.0
2000-09-18 04:28:25,743.0
2000-09-18 04:28:55,755.0
2000-09-18 04:29:25,772.0
2000-09-18 04:29:55,768.0
2000-09-18 04:30:25,764.0
2000-09-18 04:30:55,764.0
2000-09-18 04:31:25,764.0
2000-09-18 04:31:57,764.0
2000-09-18 04:32:27,762.0
2000-09-18 04:32:57,763.0
2000-09-18 04:33:27,754.0
2000-09-18 04:33:56,753.0
2000-09-18 04:34:26,755.0
2000-09-18 04:34:56,759.0
2000-09-18 04:35:28,767.0
2000-09-18 04:35:58,761.0
2000-09-18 04:36:28,769.0
2000-09-18 04:36:58,724.0
2000-09-18 04:37:28,764.0
2000-09-18 04:37:58,773.0
2000-09-18 04:38:28,712.0
2000-09-18 04:38:58,768.0
2000-09-18 04:39:30,768.0
2000-09-18 04:40:00,769.0
2000-09-18 04:40:30,778.0
2000-09-18 04:41:00,776.0
2000-09-18 04:41:30,758.0
2000-09-18 04:42:00,762.0
2000-09-18 04:42:30,762.0
2000-09-18 04:43:00,756.0
2000-09-18 04:43:32,714.0
2000-09-18 04:44:02,707.0
2000-09-18 04:44:32,704.0
2000-09-18 04:45:02,696.0
2000-09-18 04:45:32,678.0
2000-09-18 04:46:02,686.0
2000-09-18 04:46:32,700.0
2000-09-18 04:47:02,701.0
2000-09-18 04:47:35,713.0
2000-09-18 04:48:05,726.0
2000-09-18 04:48:35,726.0
2000-09-18 04:49:05,722.0
2000-09-18 04:49:35,758.0
2000-09-18 04:50:05,760.0
2000-09-18 04:50:35,762.0
2000-09-18 04:51:05,759.0
2000-09-18 04:51:35,758.0
2000-09-18 04:52:05,759.0
2000-09-18 04:52:35,769.0
2000-09-18 04:53:05,771.0
2000-09-18 04:53:35,769.0
2000-09-18 04:54:05,770.0
2000-09-18 04:54:35,776.0
2000-09-18 04:55:05,766.0
2000-09-18 04:55:37,765.0
2000-09-18 04:56:07,763.0
2000-09-18 04:56:37,765.0
2000-09-18 04:57:07,764.0
2000-09-18 04:57:37,762.0
2000-09-18 04:58:07,764.0
2000-09-18 04:58:37,757.0
2000-09-18 04:59:08,754.0
2000-09-18 04:59:38,758.0
2000-09-18 05:00:08,744.0
2000-09-18 05:00:38,734.0
2000-09-18 05:01:08,724.0
2000-09-18 05:01:38,724.0
2000-09-18 05:02:08,754.0
2000-09-18 05:02:38,745.0
2000-09-18 05:03:10,732.0
2000-09-18 05:03:40,738.0
2000-09-18 05:04:10,737.0
2000-09-18 05:04:40,734.0
2000-09-18 05:05:10,730.0
2000-09-18 05:05:40,727.0
2000-09-18 05:06:10,731.0
2000-09-18 05:06:40,735.0
2000-09-18 05:07:12,737.0
2000-09-18 05:07:42,712.0
2000-09-18 05:08:12,715.0
2000-09-18 05:08:42,719.0
2000-09-18 05:09:12,714.0
2000-09-18 05:09:42,694.0
2000-09-18 05:10:12,728.0
2000-09-18 05:10:44,750.0
2000-09-18 05:11:13,760.0
2000-09-18 05:11:43,757.0
2000-09-18 05:12:13,762.0
2000-09-18 05:12:43,749.0
2000-09-18 05:13:13,719.0
2000-09-18 05:13:43,723.0
2000-09-18 05:14:13,695.0
2000-09-18 05:14:45,701.0
2000-09-18 05:15:15,693.0
2000-09-18 05:15:45,722.0
2000-09-18 05:16:15,732.0
2000-09-18 05:16:45,724.0
2000-09-18 05:17:15,709.0
2000-09-18 05:17:45,723.0
2000-09-18 05:18:15,714.0
2000-09-18 05:18:49,701.0
2000-09-18 05:19:19,702.0
2000-09-18 05:19:49,718.0
2000-09-18 05:20:19,699.0
2000-09-18 05:20:49,699.0
2000-09-18 05:21:19,701.0
2000-09-18 05:21:49,708.0
2000-09-18 05:22:19,677.0
2000-09-18 05:22:49,714.0
2000-09-18 05:23:19,693.0
2000-09-18 05:23:49,680.0
2000-09-18 05:24:19,744.0
2000-09-18 05:24:49,686.0
2000-09-18 05:25:19,702.0
2000-09-18 05:25:49,761.0
2000-09-18 05:26:19,747.0
2000-09-18 05:26:50,732.0
2000-09-18 05:27:20,728.0
2000-09-18 05:27:50,680.0
2000-09-18 05:28:20,690.0
2000-09-18 05:28:50,693.0
2000-09-18 05:29:20,709.0
2000-09-18 05:29:50,733.0
2000-09-18 05:30:22,723.0
2000-09-18 05:30:52,723.0
2000-09-18 05:31:22,687.0
2000-09-18 05:31:52,693.0
2000-09-18 05:32:22,689.0
2000-09-18 05:32:52,722.0
2000-09-18 05:33:22,702.0
2000-09-18 05:33:54,698.0
2000-09-18 05:34:24,678.0
2000-09-18 05:34:54,662.0
2000-09-18 05:35:24,701.0
2000-09-18 05:35:54,690.0
2000-09-18 05:36:24,684.0
2000-09-18 05:36:54,684.0
2000-09-18 05:37:24,701.0
2000-09-18 05:37:55,678.0
2000-09-18 05:38:25,666.0
2000-09-18 05:38:55,714.0
2000-09-18 05:39:25,666.0
2000-09-18 05:39:55,653.0
2000-09-18 05:40:25,646.0
2000-09-18 05:40:55,641.0
2000-09-18 05:41:25,645.0
2000-09-18 05:41:57,642.0
2000-09-18 05:42:27,641.0
2000-09-18 05:42:57,630.0
2000-09-18 05:43:27,634.0
2000-09-18 05:43:57,627.0
2000-09-18 05:44:27,643.0
2000-09-18 05:44:57,659.0
2000-09-18 05:45:29,621.0
2000-09-18 05:45:59,641.0
2000-09-18 05:46:29,652.0
2000-09-18 05:46:59,653.0
2000-09-18 05:47:29,627.0
2000-09-18 05:47:59,652.0
2000-09-18 05:48:29,660.0
2000-09-18 05:48:59,622.0
2000-09-18 05:49:33,628.0
2000-09-18 05:50:03,692.0
2000-09-18 05:50:33,659.0
2000-09-18 05:51:02,636.0
2000-09-18 05:51:32,647.0
2000-09-18 05:52:02,640.0
2000-09-18 05:52:32,630.0
2000-09-18 05:53:02,630.0
2000-09-18 05:53:32,633.0
2000-09-18 05:54:02,618.0
2000-09-18 05:54:32,625.0
2000-09-18 05:55:02,641.0
2000-09-18 05:55:32,627.0
2000-09-18 05:56:02,651.0
2000-09-18 05:56:32,642.0
2000-09-18 05:57:02,619.0
2000-09-18 05:57:32,633.0
2000-09-18 05:58:04,663.0
2000-09-18 05:58:34,665.0
2000-09-18 05:59:04,698.0
2000-09-18 05:59:34,694.0
2000-09-18 06:00:04,638.0
2000-09-18 06:00:34,654.0
2000-09-18 06:01:05,640.0
2000-09-18 06:01:35,639.0
2000-09-18 06:02:05,704.0
2000-09-18 06:02:35,725.0
2000-09-18 06:03:05,672.0
2000-09-18 06:03:35,667.0
2000-09-18 06:04:05,637.0
2000-09-18 06:04:35,682.0
2000-09-18 06:05:07,663.0
2000-09-18 06:05:37,634.0
2000-09-18 06:06:07,625.0
2000-09-18 06:06:37,627.0
2000-09-18 06:07:07,613.0
2000-09-18 06:07:37,621.0
2000-09-18 06:08:07,626.0
2000-09-18 06:08:37,630.0
2000-09-18 06:09:09,634.0
2000-09-18 06:09:39,645.0
2000-09-18 06:10:09,631.0
2000-09-18 06:10:39,638.0
2000-09-18 06:11:09,621.0
2000-09-18 06:11:39,619.0
2000-09-18 06:12:09,704.0
2000-09-18 06:12:39,682.0
2000-09-18 06:13:11,601.0
2000-09-18 06:13:41,592.0
2000-09-18 06:14:11,594.0
2000-09-18 06:14:40,625.0
2000-09-18 06:15:10,719.0
2000-09-18 06:15:40,717.0
2000-09-18 06:16:10,749.0
2000-09-18 06:16:42,757.0
2000-09-18 06:17:12,742.0
2000-09-18 06:17:42,750.0
2000-09-18 06:18:12,739.0
2000-09-18 06:18:42,750.0
2000-09-18 06:19:12,743.0
2000-09-18 06:19:42,745.0
2000-09-18 06:20:12,752.0
2000-09-18 06:20:46,759.0
2000-09-18 06:21:16,748.0
2000-09-18 06:21:46,768.0
2000-09-18 06:22:16,764.0
2000-09-18 06:22:46,770.0
2000-09-18 06:23:16,775.0
2000-09-18 06:23:46,764.0
2000-09-18 06:24:16,721.0
2000-09-18 06:24:46,742.0
2000-09-18 06:25:16,769.0
2000-09-18 06:25:46,768.0
2000-09-18 06:26:16,766.0
2000-09-18 06:26:46,764.0
2000-09-18 06:27:16,764.0
2000-09-18 06:27:46,773.0
2000-09-18 06:28:16,770.0
2000-09-18 06:28:46,743.0
2000-09-18 06:29:17,749.0
2000-09-18 06:29:47,740.0
2000-09-18 06:30:17,740.0
2000-09-18 06:30:47,766.0
2000-09-18 06:31:17,761.0
2000-09-18 06:31:47,761.0
2000-09-18 06:32:19,715.0
2000-09-18 06:32:49,666.0
2000-09-18 06:33:19,758.0
2000-09-18 06:33:49,760.0
2000-09-18 06:34:19,724.0
2000-09-18 06:34:49,727.0
2000-09-18 06:35:19,743.0
2000-09-18 06:35:49,686.0
2000-09-18 06:36:21,757.0
2000-09-18 06:36:51,773.0
2000-09-18 06:37:21,772.0
2000-09-18 06:37:51,768.0
2000-09-18 06:38:21,763.0
2000-09-18 06:38:51,762.0
2000-09-18 06:39:21,758.0
2000-09-18 06:39:52,733.0
2000-09-18 06:40:22,761.0
2000-09-18 06:40:52,743.0
2000-09-18 06:41:22,741.0
2000-09-18 06:41:52,747.0
2000-09-18 06:42:22,755.0
2000-09-18 06:42:52,746.0
2000-09-18 06:43:22,761.0
2000-09-18 06:43:54,731.0
2000-09-18 06:44:24,735.0
2000-09-18 06:44:54,731.0
2000-09-18 06:45:24,766.0
2000-09-18 06:45:54,766.0
2000-09-18 06:46:24,762.0
2000-09-18 06:46:54,766.0
2000-09-18 06:47:24,761.0
2000-09-18 06:47:56,768.0
2000-09-18 06:48:26,754.0
2000-09-18 06:48:56,719.0
2000-09-18 06:49:26,720.0
2000-09-18 06:49:56,708.0
2000-09-18 06:50:26,709.0
2000-09-18 06:50:56,726.0
2000-09-18 06:51:30,736.0
2000-09-18 06:52:00,727.0
2000-09-18 06:52:30,730.0
2000-09-18 06:53:00,720.0
2000-09-18 06:53:30,730.0
2000-09-18 06:54:00,711.0
2000-09-18 06:54:29,742.0
2000-09-18 06:54:59,742.0
2000-09-18 06:55:29,745.0
2000-09-18 06:55:59,759.0
2000-09-18 06:56:29,733.0
2000-09-18 06:56:59,723.0
2000-09-18 06:57:29,723.0
2000-09-18 06:57:59,701.0
2000-09-18 06:58:29,709.0
2000-09-18 06:58:59,728.0
2000-09-18 06:59:29,730.0
